post_id,title,selftext,created_utc,comments
1dtgg7h,"Medha Patkar handed 5-month jail term in 2001 defamation case filed by VK Saxena, now Delhi LG",,2024-07-02 08:01:36,"['How is it defamation when the things she said seems to be correct ?', ""The court on May 28 observed that Patkar had accused Saxena of ‚Äúmortgaging the people of Gujarat and their resources to foreign interests‚Äù and held the allegation to be a ‚Äúdirect attack‚Äù on his integrity and public service.\n\n‚Äú[Patkar‚Äôs] statements, calling [Saxena] a coward, not a patriot, and alleging his involvement in hawala transactions, were not only defamatory per-se but also crafted to incite negative perceptions,‚Äù the court had said in its order.\n\n\n\nDoesn't seem too wrong, tbh."", 'So we have an example where the law allows an opinion or insult to be considered as a criminal act of defamation. In other countries, defamation only applies to statements of fact that were known to be false and damaging.', ""Might not be a fair comparison but will Modi asking if Congress has taken pick up trucks full of black money from Adani and Ambani be considered defamatory? Isn't this also creating irreparable damage to reputation to an entity whose public image getting damaged creates irreparable loss?"", 'How do you defame a guy who has got no fame? Fukin stupid Saxena is a rss stooge hindering governance for political gains.', 'These defamation laws are going to be the death of democracy in India. Without free speech there is no democracy', '‚Äú[Patkar‚Äôs] statements, calling [Saxena] a coward, not a patriot, and alleging his involvement in hawala transactions, were not only defamatory per-se but also crafted to incite negative perceptions,‚Äù the court had said in its order.\n\n\nSeems exactly the case her!']"
1cls6em,"Day Ahead of Supreme Court Hearing, LG Recommends NIA Probe Against Kejriwal",,2024-05-06 19:45:54,[]
185qci3,Public audit ensures funds are well-spent for development works: J&K LG Sinha,,2023-11-28 07:23:15,[]
174nnsa,Delhi LG Gives Nod To Prosecute Writer Arundhati Roy for 'Provocative' Remarks,,2023-10-10 15:13:14,['Promotion for Kapil Mishra incoming.']
174ms58,"Delhi LG approves prosecution of Arundhati Roy, Kashmir professor in 2010 ‚Äòprovocative speeches‚Äô case",,2023-10-10 14:35:11,"['She said: ""Kashmir has never been an integral part of India"" in a speech in 2010', 'But India got independence after 2014 -  kangana ranaut', '""provocative speech"" lol', '[removed]', '[deleted]', ""I can't believe this. As a non-Indian I have always had immense respect for Arundhati Roy and her writings and I wish she was given her flowers for being true to herself and to what she stands for. When people who spew hatred and bigotry are being applauded in reality tv shows, she's being legally followed because of a statement. This is a dark day for literature and politics."", 'I read this as - ""Delhi LG approved persecution of Arundhati Roy, Kashmir professor...""', '[deleted]', '[deleted]', 'Is that all she said?', 'I might get downvoted  for this highly, but you must understand this (what she had said) is a very prevalent and strong  "" legal viewpoint"".\nAs Sr advocate Zaffar shah pointed it out in 370 case and quite strongly , countering all questions of SC judges. \n\nThe basic crux in his words was "" j&k shook hands with india not embraced"".\nWhich was later explained by mr dhawan or mr dave that j&k lost external sovereignty but still retained internal sovereignty.', ""['More Dangerous Than Emergency': Arundhati Roy on Raiding of Journalists](https://thewire.in/rights/more-dangerous-emergency-arundhati-roy-raids-journalists-newsclick)  \n\n> She said that an Emergency can only be imposed for a limited period of time, but the BJP and Narendra Modi‚Äôs efforts to change the nature of the republic, and the constitution and suppress the voice of the people can continue unhindered if they are elected to power again. ‚ÄúIf the BJP wins the election in 2024, India will not remain a democracy,‚Äù she warned."", ""And for this statement, they're applying the draconian UAPA, while literal terrorists who killed people with bombs are ruling party MPs."", '[removed]', '[removed]', '[removed]', "">She talks a lot of nonsense. As some other comment here said, contrarian for the sake of being a contrarian. It gets her street cred in her social circles, she's in an echo chamber. A lot of the activism is performative.\n\nIs that a punishable offense?"", 'Yes but so has pakistan and bangladesh. When someone doesnt want to be in your country, that changes things.', 'If you say you support free speech, ""but..."", that just means you don\'t have the slightest clue what free speech actually means.', 'What a load of rambling and not a single word of critique towards how she is being targeted. You dont very much sound like the free speech guy you claimed to be in italics', ""> I am x\n\nProceeds to show why you're not x. You're not a great writer either"", 'You will get a canned statement - ""we are seriously looking at the proceedings in India, freedom of speech is important for a democracy, yada, yada, yada""', 'Yup us will invade us', 'Also well known Yasin malik & very bad comments of Kashmir', 'It may be but prosecuting somebody for an 11 year old case is tinpot. The prevailing ""legal viewpoint"" is that communal hate speech is illegal but that does not seem to be enforced', ""Especially when she said it, JK was essentially a vassal state, not a true state under India. It's kinda similar to Scotland or Hong Kong. Indian law would not apply to the fullest extent before the accession."", ""You seem to know about this in more detail than others so if you don't mind, \n\nWhat exactly is her argument? The only clips I found of the conference have her saying that it's not an integral part, not the argument she presents after it. Why is the instrument of accession disputed? And what exactly do you mean when you say j&k lost external sovereignty but retained internal sovereignty?"", '[removed]', '[deleted]', '[deleted]', '[deleted]', 'LMAO exactly', ""I think the above poster was saying what she said was not provocative speech but an accepted legal viewpoint. But the present govt. and their incel cheerleaders don't really read or understand that. They haven't even seen the maps of India produced outside India."", 'I would suggest you to refer to 370 hearings specially by mr Zafar shah .\n\nIn crux argument (right or wrong depends on SC ) is this "" all other states signed merger documents , thus giving away all sovereignty   (in addition to Instrument of Accession ,IoA ) with indian union , only j&k didn\'t  , j&k only signed IoA . Also SC has previously held that just signing IoA doesnt mean full giving up of identity.\n\nFinally , this argument,  which if i remember correctly 2 ex CJIs even wrote editorials  in 2019 when 370 was scrapped , is supported by many legal expert , in addition to the argument that 370 has become permanent after dissolution of constituent assembely of j&k  (as observed by SC in SBI case and by J&K High court )\n\nFun fact the judge who gave the verdict of 370 being permanent is one of petitioners in this case (justice masoodi)', 'You then proceed to have 90% of your post elaborating following a ""but"" where its clear you imply its largely ok that her civil rights are being undermined.\n\nWhether or not she talks nonsense or says things you disagree with shouldn\'t be at all relevant to the fact that the government is aggressively shitting on the constitutional right to free speech.\n\nImagine if you got arrested for your reddit post tomorrow and the general reaction was ""Well this is tragic and all, but karandotg says a lot of bullshit I don\'t like sooooo...""', '> Just like it allows Roy to say the things she does.\n\nYour opinion says she deserves to be booked and jailed for her comments. Isko kehte Hain padhe likhe ganwar. Angrezi seekh le pehle ""improve at"" nahi just improve. Pseudo', 'a number of them are not even aware that pakistan and china already have a huge part of kashmir. such ignorant. Can hardly wonder what they really know from the legal standpoint.']"
14vsi18,"2002 Assault Case: Gujarat HC Stays Trial Against Delhi LG VK Saxena Till Disposal Of His Quashing Plea, Issues Notice To UOI","""...High Court has stayed the criminal trial proceedings against New Delhi Lieutenant Governor (L-G) Vinai Saxena in a 2002 assault and rioting case till...."" ""It may be noted that Saxena has been accused of allegedly assaulting activist Medha Patkar in 2002.""",2023-07-10 12:20:46,[]
14t472g,LG India is extremely incompetent and fraudulent,"I had purchased an OLED TV from their website 17 days back. 2 days after purchase they generated an invoice and their website said it would be delivered within a day. 
Till today, after numerous calls, emails, messages, tweets, not a single person from that god forsaken company has given me the slightest update on the resolution.

They‚Äôre not even allowing me to cancel and get a refund.
I even escalated to their MD desk more than a week back and the person managing that side just gives copy paste idiotic responses.
Few days back, I filed the grievance with the consumer forum website and even there these guys are given boilerplate responses.

Today I finally got tired and filed a dispute with my credit card company.
If anyone ever thinks of buying from LG, think again. These people will literally take more than 1 lakh of your hard earned money and run.

Edit: If anyone has any connect at LG, please help me out",2023-07-07 11:10:07,"['* Your post title should be an accurate summary of your text post. ""Help Needed"", ""Rant"", ""Unpopular Opinion"", are examples of poor titles. \n* /r/India is not a substitute for Google. Only post your query on /r/India after you have searched for an answer on the web.  \n* Self-posts als#Rule 149 | o have to be specific to India. Don\'t copy/paste questions from /r/AskReddit. \n* For relationship queries, please also consider: https://www.reddit.com/r/RelationshipIndia/\n\n\n*I am a bot, and this action was performed automatically. Please [contact the moderators of this subreddit](/message/compose/?to=/r/india) if you have any questions or concerns.*', 'showroom is best for tv , other big home appliances. Need to see the product before hand for look and feel of it before buying .', 'This is why one should buy such expensive appliances from electronic showrooms offline.', 'This is terrible.', 'I, for once, misread it as LG New Delhi', ""I think it's related to Region wise and the people abusing the loop holes there...\nHearing it from overseas and all LG is one of the first choices."", 'Their expertise is in electronics products, not eCommerce.', 'I know bad Taste, BUT BRO HAD A RUN IN WITH LGTV üíÄüíÄüíÄ', 'Bought a LG refrigerator a few years back. It broke down all the time. They fixed it for free for 1 year till the warranty on it was good. Once it was over, next time it broke down they said that the compressor has a known issue and we should probably get a new refrigerator . They said they\'ll give some 6k for the 1 year old fridge(it was worth 23k brand new) if I buy a new LG one. I said "" f off"" and raised hell on Twitter and raised a consumer complaint. There were no responses to either of these.', 'I thought you were talking about lieutenant governor', ""I have bought an AC, Refrigerator, Washing Machine, Microwave online from Amazon in the past 3 years. \n\nIn case of any hiccups from brand side, Amazon has been very forthcoming to help, even when it was not an Amazon issue. \n\nI will go as far as to say that Amazon is a far better place to shop than an offline retailer. Once you've paid for a product, even offline, the entire process from delivery to installation falls under brand's purview. When you buy offline, Product ships from brand's warehouse, by brand's own logistics. Meanwhile, Amazon has its own delivery - that is one step less that the brand can screw up. \n\nPlus Amazon's word carries more weight with a brand incase you have a complaint. I know for a fact because I have received a call from LG's regional service head when I had an issue with the AC installation and asked Amazon to help out."", ""That's why I purchase everything expensive from a well known reputed showroom offline in my area online It may give u an additional 5-10% additional discount but man it comes with so much headaches as well.."", 'Never ever, you buy big shit online. I know many might‚Äôve have success stories on deals or offers but you always go the shop and get it done.', ""17 days is inexcusable. Company should just facilitate cancelling or provide customer alternative higher range TV as compensation.\n\nBut neither of these has/will happen. Next best thing would (this is also hypothetical wish-casting) have been if Courts slaps super massive fine on these companies.\n\nWhen that happens entire company refines their operating procedures so that such things do not happen again. But since fines in India are themselves paltry, company thinks why bother.\n\nImagine if courts slap a 100 Crore fine on this OP's case. The amount can be used for some State/GoI fund or whatever, Govt hardly needs excuse to get more money. It's not like Company is going to say, See you we're leaving country because Customers are not going to stop buying these items, demand is going to remain."", ""Never buy anything over 40k online.\n\n There's no guarantee  how will u get treated by these sellers and what product u will get. Once bought mi 65 inch TV that came with black dot. Didn't get good replacement and the the mi guy who I told repeatedly to check tv before sending started arguing with me. \n\nSo after 2 months of trying to get refund I finally got it and went to a local shop and bought lg oled. Got delivered in no time and no issues with it. Dealing with companies directly is a headache. Better to deal with local dealers than online."", 'Hello @Ehh_littlecomment\nWhat was the conclusion, did you recieve product? Same is happening with me now. I ordered LG AC online and its delayed. No one is responding.\xa0', 'Lol bought Samsung TV from their app. 2 days tv was at home and installed.', 'Bro just because literally you have the problem, doesnt make the whole company in India bad. May be the local shop manager is a bad one, or who ever handled your issue.', ""LG is scam company bro, i don't buy LG products"", 'This is why I don‚Äôt buy TV online. If I had to, I‚Äôd have done it through Amazon knowing their decent customer support.', 'I bought foxsky tv works well and was delivered on time', ""Brand's own website charge more for the product and provide poor service, never order from brand's own site if same product is available on Amazon, Flipkart."", 'Like who the fuck in their right mind buys TVs off the companies websites? When you have websites like flipkart and amazon with sophisticated logistics and 1 day deliveries? It‚Äôs your fault to buy from their website, because most of the times these sites are never ran properly as people only ever use them for checking prices not to actually buy from them, see mr.boomer itself your fault to buy from their site, so stop acting as if it‚Äôs their fault. I mean its probably their first order after starting the site, of course they don‚Äôt know how to deliver it.', 'Did you raise your complain in consumer helpline?', ""Okay first of all why can't you go to a store yourself to buy one ? Being this lazy always comes with a great risk of heart attack."", 'Thanks for the heads-up', ""If not LG then which (don't say Samsung FFS)"", 'LG makes excellent products, high-quality, but sucks at selling. Probably the reason it failed at smartphones and hasn‚Äôt been able to be popular in TVs either.', 'idk if LG also outsources their eshop. Samsung does to a company called Savex and they are pretty meh. But they do offer the best prices and other offers. \n\nIf you have a Croma/Reliance near you, you should try those also. They do try to match the best price you get on most models.', 'Finally someone faced similar issue.\n\n\nI had horrible pre sales and post sales service from LG. I‚Äôm sadly stuck with the product. ü•≤', 'File a complaint on consumer forum online, they‚Äôll return your money ASAP', 'Please buy from Amazon/cliq/Flipkart than direct', 'Email to CEO office.', 'Damn, that sucks. \n\nI personally never had any problems with LG so far though. Dad bought an 8K NanoCell TV from LG and there seemed to be an issue with the remote, so he contacted Support and they swiftly swapped it for a new TV, not just the remote. Also, one of the AC units in our house is a 10 YO LG AC. Still works on par w/ the new AI+ Convertible.', 'Buddy sorry to say but credit card company will also decline your request as you had voluntarily entered OTP. \nI faced same thing with Golds Gym so just letting you know.\n\nThe best you can do is post it on twitter threads and LinkedIn \nSomeone will try reaching you out', 'Credit card chargeback, not sure how it works in India though', ""Don't get huge appliances online. Go to showrooms and buy them in person. You can even compare prices at different showrooms."", 'Indian customer care is just dogshit. The people working there have no clue half of the time.', 'Probably miscommunication somewhere. I bought recently from LG and delivered in 4days. Their online chat support is supportive. Go for chargeback', 'People are realizing that brick-and-mortar stores have their benefits. Go to a physical store and buy from there.', 'Post it on trends', ""Even their salespeople are not good. I wanted to buy an AC from them and they said we will get it delivered free of cost and pay later and when we asked a day later where is the AC? , they said you didn't pay so no AC for you (literally the same person) . Me and my dad got angry and bought Samsung AC the same day from Croma"", 'I think you TV got stolen or damaged and nobody is taking responsibility thus neither they are cancelling nor delivering your order.', 'Did you try the quick solution -\nRant on Twitter with a tag?', 'Damn, I just got my LG C2 delivered today. I did have issues enquiring about delivery too. Guess I just got lucky.', 'why dont you buy from amazon ??', 'Try Croma. Never had any issues with them. Got my LG Oled from croma. Also as a rule of thumb, always avoid online purchase for expensive products.  \n\nBtw were you buying G3? It‚Äôs an awesome tv. Don‚Äôt let this bad experience from getting yourself the best oled tv in the world right now.', 'Did you try Twitter? In my experience when I wasn‚Äôt getting a response through email or customer care, I would send a DM to their Indian Twitter account and would get a response.', 'For a second there, I thought you meant Delhi LG.', 'Did you post a feedback on twitter? Google? Huge companies take it seriously, no idea what‚Äôll happen in this case. On the other hand I think you haven‚Äôt spoken to the right person, a friend of mine had a similar issue a while ago and then he spoke to somebody and it was sorted in less than a week. Also if you‚Äôre doing a full payment for an online purchase opt for COD if possible\nLast thing you can do it search for their corporate office in you city and screw them', ""Complain to the govt consumer helpline, a similar thing happened to me on Flipkart. I had ordered a mobile phone which wasn't working I tried for a replacement which they rejected on the grounds that it is not a defect but the problem I created. Then I filed a complaint with the consumer helpline and they got into line and helped with the refund."", 'Can you share specs and price bro', ""If they violated the agreement of sale I would suggest a complaint at your local consumer court will light a fire under their ass.\n\nYou don't need a lawyer for this, You won't be required to attend all sessions of hearings. Just get situation in writing or in mail as proof."", 'Did you try twitter? Their team there is really helpful', 'You should probably go to consumer court', 'It‚Äôs really disappointing to see Consumer Forum giving boilerplate responses and also you did a smart thing by paying through your Credit Card. I remember once I paid twice mistakenly in a bakery shop of a 5-star hotel and they refused to accept the fact that I paid twice but the moment I told them that I will flag this payment to my Credit Card company, they immediately refunded the balance.', 'One more reason to be homophobic', 'lol LG is the absolute worst. I had already paid the installation fees, which were roughly 3000, when I placed my offline purchase for an air conditioner. the service personnel literally asked me for another 5000 claiming they needed to install ""extra wires."" of course I had to pay them or else they wouldn\'t install it. the other day, I had it inspected by an electrician I\'ve known for years; he informed me there was no need to connect any additional cables or anything like that, and that they had conned me. they didn\'t even provide me an invoice for the installation! god, I\'m so furious even right now. I\'ve raised multiple tickets in the past several days, it\'s so disheartening to know that the firm won\'t do anything about it. would never buy from them ever ever again.', 'https://consumerhelpline.gov.in/', 'Did you try tweeting them? Usually that helps', 'Samsung fridges are better', ""I bought a LG Tv and an AC around the same time in two different cities from offline stores. The AC was delivered defective and the Tv gave up within a week. Although both got fixed by LG free of cost, I didn't expect such low quality products from a reputed brand as LG."", 'Curious, consumer forum didn‚Äôt resolve your issue as you mentioned in post? What did the forum mentioned?', 'I work in retail and I relate with you.', ""What?? I also cancelled and but I got refund, I ordered a tv and later decided to get another oled model, I told them to cancel the orginal order and ordered another one, the cancelled order was showing delivered but I got refund for it, it did took time but they refunded and followed up correctly with me.\n\nI had ordered on 11 June and cancelled on 15th June, i called them every 2-3 days to get an update, they told me it shows as delivered but once the TV reaches back to their warehouse the order gets refunded. My order was refunded on 1st july.\n\nEdit: call their toll-free no, don't email, after calling till free no they arrange callback from refund team, you will get call from spam no so do pick it up."", 'Everything in India is like this. I always use big xompany showrooms like chroma. I bought an official Marshal speaker and it is made of substandard materials compared to the version you buy in Europe. Had lots of problems with it and you cant just trade it into the seller amd swap for another, they expect you to contact the manufacturer for them and blah, blah, blah. Also bought a 55inch sony braveria. Now i bought one in europe a year before but it was smashed by the movers when we moved to india, so i know what it should be like. It is substandard, turns off on its own, has hdmi picture issues. When i looked at the product numer it has a different end digit to the one on sony.com (didnt have that problem with my Netherlands bought version). Whenever you buy anythong its poor quality - even the official stuff. India is just a country of liars who serve you crap and wonder why youre confused its not behaving as it would if you bough the same thing anywhere else on the world. Oh, had the same problem with dyson products, OSL products and pretty much everything ive bought. Its a lucky dip here, and i use reputable outlets. Plus the earthing system in moat properties (and the favt electronics dont have dedicated earth) mean youre likey to get a little shock with many of the electronics products they sell. Ive actually had an amp die on me because the earth leakage didnt have a path to source (not the marshall). Its rubbish here.', 'Have tweeted about this tagging their handle?', ""LG being incompetent is not something new. Their products are good but service is garbage, once you pay the money they don't look back.\n\nBest option for you is to open a case in consumer court."", ""don't you used cod option?"", ""I also faced an issue with LG and then escalated it to MD(details on the website). They gave me a generic reply but a person's mail was mentioned in the mail. I sent an email to that guy and it got resolved in 2 days."", ""u/Ehh_littlecomment \\- Were you able to get it resolved? I am stuck in the same rut as you did :/ It's been a month"", 'They have an escalation matrix on their website. You can mail up to M.D office on which they give you a tracking number. It get resolved in 48 hours with a apology note.', 'I already have an earlier version of the TV which I love. Hence didn‚Äôt hesitate. Obviously didn‚Äôt know LG would be a scammer company.', ""I'm looking to buy one, my neighbour bought one online from Flipkart and it's been working pretty good, I'm on the fence rn about online vs showroom, do you think showrooms can match the prices and discounts I see online?"", ""I have visited an LG outlet quite recently and they sold me a display unit despite having promised that they don't do such a thing.\n\nI cancelled the transaction through my bank. I decided to visit another store to check the same. Turns out, all these authoried outlets are selling what they purchase as display units. It's just too sad."", 'But this wasn‚Äôt from some no name Chinese company. One would think a reputed company like LG won‚Äôt go out and actively defraud people. It‚Äôs not a problem of online it‚Äôs a problem specific to LG.', '[even that is not safe, sadly you need to be a influencer to get what you deserve](https://youtu.be/cMp0anEDnTg)', '> today, after numerous calls, emails, messages, tweets, not a single person from that god forsaken company has given me the slightest update on the resolution.\n\nThere are scams even in offline stores most common being that they deliver an old or a defective piece.', ""How so? Showrooms/offline stores are brightly coloured environments where it's very difficult to understand the difference between the picture quality, especially the deep blacks everyone's raving about the new TVs. Also, many showrooms simply change the colour modes of the tv (instead of keeping it default)to influence your decision into buying a TV which probably gives them better profit %"", 'I buy things from Amazon and i never had any issues. On Amazon you can read reviews, big plus. Plus of course huge savings of you have their Amazon pay credit card.', 'Exactly what I mentioned in my comment dont be lazy in the matter of your hard earned money.', 'It is. Never buy LG.', 'Customer service is always last priority in India', ""LG refrigerators suck, I've had the same problem"", 'Amazon doesn‚Äôt have proper pricing for flagship TVs. You only get that in offline stores or brand websites. Flagship TVs are either not available or extremely over priced on Amazon. I myself wouldn‚Äôt go for anything other than Amazon if that choice was there.', ""Samsung support is very good. That's the main reason I buy electronics from them, even other companies have better features in that price range."", 'Which model?', 'I have as I mentioned in my post.', 'Cool off with the patronising tone. I was getting a better price on their site. LG is a well reputed MNC not some fly by night operation for one to wonder if they‚Äôre scamming.', 'Sony?', ""don't worry. every brand out there has a disgruntled customer who would tell you to never buy from that company. so stop buying anything from any company."", 'Foxsky', 'quaint grey deserted summer fertile onerous illegal narrow crush dinner\n\n *This post was mass deleted and anonymized with [Redact](https://redact.dev)*', 'I am in a similar situation can you share that email address with me in my inbox, I have messaged you.', 'You did nothing wrong. May be get the same tv via Amazon', ""I think Hanlon's razor applies here : Never attribute to malice that which can be adequately explained by incompetence. \n\nJust think about it, How many people in India would actually buy a TV from LGs official website ? Amazon, Flipkart, Reliance digital, local stores all would come before. \n\nMost likely the people maintaining the Indian website too are perplexed with what to do with your order lol."", 'For big purchases I always prefer a showroom. Or a website that is reputable and have my back when things go wrong like Amazon', 'Since you filed dispute with your credit card company, I hope you get your money back and also the damn TV. Sometimes, things slip through cracks.', 'I got my LG OLED from Balaji Electronics in Hyderabad and when I got it, the price was cheaper than the one on Amazon so it‚Äôs always worth it to go check it out offline at least to compare the prices.', 'High end TVs/audio equipment are way cheaper offline.\n\nDuring Diwali time these 65‚Äù OLEDs offline go down to 1.6-1.8 lakhs while you‚Äôd be lucky to get the online price under 2 lakhs ever.\n\nI got my Sony A95K offline last year for under 2.4 lakhs while online even now the price has never gone below 3.3 lakhs.\n\nBuying online is great for commoditised high volume products, but for niche low volume products offline you can bargain much better', ""Anywhere but Official Website should be fine. Can't tell about discounts, you gotta compare that yourself."", ""Don't buy one without looking at it a showroom. You can't judge a screen by looking at it on another smaller cheaper screen. \n\nSony LG displays are really a tier above the rest of them, when played side by side"", 'Was this via credit card? Was the bank cooperative? How does you manage to explain to them that it was a fraud on the dealers part?', ""Most such companies have very little investment in their online stores since hardly anyone uses them. It's best to go to the physical stores for such goods"", ""I'm sorry you had to go through this, I can get well understand your frustration having gone through something similar for a phone delivery. Otoh I ordered a LG tv from Amazon, received it the next day and installed the same day. Installation guys even gave me some panel cleaner and microfiber cloth for free. Fastest I've had anything delivered/installed at my place. Got heir refrigerator couple of years back from the website and it wasn't delivered for 22 days past due delivery date. I'm not sure where the problem is but I'm just here to empathize for your situation. Hope you get a resolution soon."", 'I have never been able to convince myself to buy high value electronics online ,ever.', 'I actually bought a similarly expensive thing from a no name Chinese company and it was delivered the same day and works well', 'Why is it always dumb teenagers who have the most confidence and smugness. Live life a little, maybe you‚Äôll learn a lesson in empathy.', 'I bought LG from their best store and never faced these issues. Maybe their online division is like that ig?', 'Sorry, I read the first para only.', 'is there a LG India Twitter account? try reaching out to them or tag them and tweet it out.', 'You should always expect the unexpected when putting money in an online store, especially company official websites as they are very poorly designed. Instead just use Amazon because if something happens Amazon will take action unlike our friend LG here.', 'Problem is my money is still stuck with these fuckers. Definitely not buying an LG ever again. Will get a Samsung QD OLED.', 'Yeah but I‚Äôve spoken to multiple people at their escalation desk and have been communicating over email with a AGM level person from their MD escalation desk. If they were sincere they could‚Äôve given me a unit from a newer or higher model or just given me a refund. So far none of that has happened. When so many look at an issue and decide to stay silent, it goes into malicious territory.', 'Known Incompetence is malice. When employers know someone is incompetent, and they dont make them competent - that is an act of malice. How do they know they are incompetent? Because of all the complaints. The india mentality is dont train them and fire them when they get complaints. Then repeat. The result is not incompetent staff, its malicious management.', ""From what I've heard 3rd tier cities don't have discounts comparable to online, hyd, Delhi Mumbai are apparently exceptions where you can get these for cheaper or comparative price to online, I did check out a place in my city and if buying from offline markets will give me a good after sales service then I won't mind paying a bit extra, but if I'm gonna get the same type of service no matter where I buy from them I'll definitely prefer online because of lower prices."", 'Yes, it was through the credit card. I have a relationship manager too and we had proofs of the serial number of the display piece and the product to compare. Everything worked out smoothly.', 'Hindsight is 20/20', 'That‚Äôs your prerogative. I‚Äôve bought many products like AC, fridge, IPhone, playstation online and never had an issue. Obviously got my lesson now not to trust LG.', 'I myself have a LG CX but you never know where they might start to scam you. It doesn‚Äôt matter if it works 99% of the time. How the 1% issue is dealt with is important and LG failed miserably here.', 'Reddit moment üòÖ', 'Sab kar diya bro. Lund farak nai pada.', 'Fair enough. I never had an issue with Samsung, etc. lesson learned. Didn‚Äôt think MNCs like LG would commit scams.', 'What happened with you will surely boil anyone blood but the issue is not TV but they way you getting it. \n\nSomeone has already mentioned above, if you need TV or any big appliances, get it from their dedicated shop or from showroom like Vijay sales,chroma etc. That way you know whether the product is actually available to purchase or in case of any issue you have physical point of contact. That you can visit.', 'I would not recommend Samsung. My parent‚Äôs Samsung smarttv glitched out after 2 years and they faced the same issues you did trying to reach out to their customer support. In the end they said they didn‚Äôt not the parts to repair the tv, and could not give them a full refund. But agreed to give them a coupon to buy a new tv (after a very painful 2 weeks). Basically, if you get Samsung TV better hope it doesn‚Äôt go to shit', 'My Samsung screen went kaput in two months. They did refund, but that took another 3-4 months.', 'dont buy samsung . their quality control is pathetic. go for sony as an alternate to Lg.', 'Often there are no set guidelines for such scenarios and it takes slipping a lot of red tapism to get the results which you want, because none of the decision making authorities want to be held liable for the decision.  \nThis is even more prevalent in large organisations', ""Indeed. That's the exact thought i had when i replied. \n\nI'm sorry that happened to you, good on you for letting others know"", 'I have also bought a PlayStation and phones online . But the box for my PlayStation was in a dodgy condition (been 6 years it still works perfectly) and once I had ordered a router from Amazon during a sale , when I went to set it up I realised it was already owned by someone else as the wifi network name was not the default name that should appear , nowhere was it mentioned the product was refurbished, was probably a returned item but such cases do erode trust', 'Doesn‚Äôt matter if the company you‚Äôre purchasing is a global brand or not , my rule is simple, anything above 60K I purchase from showroom', ""This isn't about LG. Online sales service is just garbage. I don't have LG TV but got other appliances. I went to the dealership directly and saw and checked myself. You can even bargain the price. If you're buying on cash, you can really get heavy discounts. Also, it's always better to buy fron authorized dedicated showroom because you get other benefits."", 'I recently purchased an ac from the same website and it was delivered within 3 days and got a call for installation on the same day.', 'This is a very bad way to judge. I feel sorry for you as your hard earned money is stuck but mistakes happen everywhere. With this attitude it‚Äôll always be others fault and you can‚Äôt really do anything about it', ""An expensive one too for that matter. Yes and dont trust any company when it comes to buying appliances and electronics online. It's best to go to a store get it checked and get the bill and warranty on the same day without the risk of fraud."", 'I‚Äôve made literal lakhs of purchases online and didn‚Äôt have any issue. I guess I got lax. But that‚Äôs still a secondary issue. Primary issue is a MNC taking my money and not giving a single fuck.', 'Yes, he can buy from a store. But what about service? If they took more than 2 weeks to deliver the product, how much time would they take for service request? 2 months?', ""Well that's one of the reasons things go on sale..."", 'Fair enough. Personally never had much of an issue. This is my lesson I guess.', 'Except sometimes from Amazon business as they provide a whole different level of customer service', 'I got a monitor at an awesome price which is way less than other e-commerce sites and it was delivered in 6 days', '[deleted]', 'Well if they have it stock then it will deliver same day or next or if not they will give estimate time ,if none happened you can visit the store and request for refund or same day delivery. Simple, at you will have some to talk face to face not on call.', 'Learnt it the hardway', ""Watch out for Renewed items on Amazon now you think ou same product lower price then you check the details and it's a Renewed product. Almost got lured by the price difference didn't buy it but still."", ""If you buy offline, you'd probably get a few more perks + get it cheaper"", 'I bought LG C2 from Flipkart. FK Assured. No complaints.', 'Please read the comment again', 'I‚Äôm aware of that but I wasn‚Äôt get such a deal offline. I did my research.', 'Uh you will get a really good deal offline. Buy from croma or any other reputed chains, asking for display piece, use business gst if available. I got my lg c9 oled 65 inch from croma in independence day sale for 180-190k without applying gst', 'So you went offline, did your research (went to 4-5 retailers) and came back home to buy it online? Seems utter BS to me.', 'I got this 55 inch boxed piece for 95k. My friend also ordered it and received the piece. I was unfortunately unlucky. The deal itself was very good.', 'usually it‚Äôs not cheaper offline unless u drive a hard bargain, many people aren‚Äôt good with that', 'Fuck right off buddy. It‚Äôs an older model so there‚Äôs high risk of getting demo piece of offline.', 'Which tv you ordered model number?', 'The C2 55‚Äù on LG store is 1.3 lakhs. Where did you get it for 95k', '[deleted]', '[deleted]', 'C2 55 inch', 'I got a call from lg sales exec who gave me coupons to reduce price plus card cash back', 'Awfully smug for someone who doesn‚Äôt know jack.', 'Demo units are the ones displayed in showrooms. Can easily be reset to look like never used using a service remote. Extremely common scam.']"
14q9hnb,Delhi government v LG: Supreme Court defers oath of former judge Justice Umesh Kumar as DERC Chairperson,,2023-07-04 08:42:46,[]
14q2i07,LG VK Saxena terminates 400 ‚Äòspecialists‚Äô working in Delhi govt‚Äôs various departments,,2023-07-04 02:37:15,"['Fuck you BJP', 'They‚Äôre trying to sabotage each opposition governed states using Governors', 'This guy has a very punchable face', 'The dog wont eat and wont let the cow eat either', 'President Draupadi Murmu should learn from this LG. Manipur anybody?', 'What is the need of specialists when you can get a photo of Modiji and WhatsApp', 'Murder of the Democracy by HOME MINISTRY', '[deleted]', 'Do this in the privacy of your local polling booth.', '‚ÄúMothering of democracy‚Äù', 'To me his face looks like a ballsack.', 'It‚Äôs in the job description.', ""Guess how much policy and specialist work is done by consulting firms these days compared to babus. \n\nalso , guess which party's workers' the lateral entry scheme was for \n\nhttps://www.news18.com/news/india/upsc-lateral-entry-recruitment-centre-list-31-candidates-senior-posts-4301732.html"", 'Before that do this in public. Get out on the streets now to protest destruction of democracy by bjp.', ""We've had protests but they have been reactions to shitty legislation bulldozed through Parliament and not a general protest about the slow murder of democracy by the BJP.\n\nCAA protest\n\nFarmer protest\n\nAre the wrestlers still protesting?\n\nProtests are harder when the media doesn't cover them or puts the protestors in a negative light.\n\nBut it's not like the BJP hasn't noticed the protests. The PM revealed his concerns when he spoke about andolanjeevi. The BJP IT cell tried to make toolkit a dirty word like they do with secular."", ""We need much much more protests. Yes, bjp has bought media as well as social media, and that makes it harder. But that doesn't mean we shouldn't be protesting, it just means it's much more work than in a functioning, even if flawed, democracy. That in itself makes it even more important to protest now. Protesting also helps people organize around ideas, and makes it possible to convince fence sitters to stop costing bjp because they want to vote for drivers and because they don't know what the problems with the corrupt genocidal bigots protected by media are."", ""We will protest only when someone in our family is wrongfully convicted. Until then we'll let students get beaten up in library, let a beautiful state of Manipur to turn into ashes.\n\nWe the occasional andolanjivi are the biggest bigots not those who are wearing kaala chasma atleast they have a reason that they are blinded by propoganda, what excuse we have ?""]"
140bzpm,Is LG a good brand to go with for air conditioner? (AC recommendation),"Hi everyone, I have finally decided to get an ac for the first time for a 123 sqft room. It will be used primarily during summer and in monsoon for dehumidification. A 1.5ton 3 star should serve me fine I guess.

My first choice was to go with a Daikin. My neighbour has one 1.5ton 3 star and it has been serving just fine.

But this LG ac caught my eye: https://www.amazon.in/gp/product/B0BQ3MJ1TG. I don't have a high budget so this seems to be a good deal however I'm curious about LG's service, Many people telling it's good.

So what's your experience has been with LG air conditioners? or should I go with Daikin only? My budget is under 35k, can be stretchable to 37k max.",2023-06-04 12:45:31,"[""I would suggest go with Lg 6 in 1 4star, it has pretty good reviews, the service is amazing, super silent. You can't even tell its switched on, very easy on bills.   \n\n\n450w at 40% ... at 27C ... this is 4star ... \n\n&#x200B;\n\nI got it for 35k with Installation (with stand) and Stablizer. DM if you wish to know the offer(s).   \n\n\nDaikin was like 6k expensive, I mean it is decent no denial. But, the service LG provides in unmatched.   \n\n\nIn my 4-tier town ... it was delivered in 2 days (Flipkart) and installed the very next day."", ""I have 5 ac in total in my two flats. \nThey are LG, 2 Panasonic, Voltas, Daikin.\n\nDaikin is good but they did not use to give warranty on pcb board. My pcb board malfunctioned and had to replace it with Rs. 6000. Now Daikin provides a warranty of 5 years on pcb. Most Daikin acs are limited in tech and features but they do the job well. Service is also good but parts availability is kind of a crisis right now.\n\nLG is very good. Service is good. Power consumption is ok. Silent. Technically more advanced than all. Note that LG is one of the only brands that have inhouse ac technicians and don't hire third party for servicing. \n\nPanasonic comes in 2nd place. I had an indoor unit leakage issue. But later it was discovered that the installation guys did not fix the water outflow pipe correctly and they identified the problem incorrectly as indoor unit issue. So indoor unit was perfectly fine. All in all panasonic is pretty nice. But costlier than Daikin. If you want your room to get ice cold really fast, panasonic is the way to go. It's very powerful. \n\nVoltas, well what can I say. Worst installation, worst service, and quality is not good. \n\n\nWhich ac to buy? Whatever you have an offer on from the first 3 and check if service is available in your locality. \n\n\nYou can also consider Samsung. Latest ac models from Samsung are also quite nice.\n\nI have heard mixed reviews about Hitachi. So not sure about that. \n\nPeople shout out about Japanese brands. To them, sir all these acs are manufactured in India. Just because the brand is Japanese doesn't mean you will get the quality of Japanese acs."", 'LG is known to sell reduced power AC with higher rating. Further Daikin AC are super silent. The difference is huge & I will suggest to stick with Daikin.', ""Screw LG or any other brand. The best air conditioners are Japanese. Go with Daikin or Hitachi. I have a 1.2 ton Hitachi 5 star inverter AC from the last 5 years and haven't seen a single problem in it. While buying it I had done a lot of research and analysis which concluded that these 2 brands were the ones with least number of issues and amazing products with great life."", 'LG is a very good brand, with good service centres', 'LG awful air conditioner,\xa0 loud! loss cooling in 1 year never again! Save your $$$$ Buy something else', 'Yes, reliable , less noisy  and easy on power bills', ""Not sure about LG but Daikin is the best.  Also, don't go with Blue star their service is shit."", 'was it installed by LG or Jeeves? while ordering it was showing as LG, but post ordering its now showing as Jeeves (which i am a bit skeptical about). Also, its showing as in transit from the sellers warehouse (waiting to be picked up by courier)\nyet its not even letting me cancel the order (wanted to do so due to Jeeves installation, would rather get it from Reliance Digital Instead).', ""I'm using lg 5 star dual inverter 2023 model at 40% mode and 24 C it consumes about 4 units for running 8 hours daily"", 'Daikin is 38db and lg is 31 db', ""That's decent, I chose 4 star because it cools a bit faster than the 5-star.  \n\n\nMy temperature settings are like 25-26C. I ran like 600 hours for the last 70 days and my general bill of 3k was 5k per 2 months. Overall happy with the performance.""]"
13mz9fg,Delhi Govt v. LG | Centre's Reasons For Review Of Supreme Court's Judgment,,2023-05-20 16:21:48,"[""Center needs to keep the f*ck out of states/UT's affairs & manage their own deliverables""]"
13k0jlt,"LG Can Effectively Destabilize Elected Delhi Municipal Corporation By Nominating Members', Says Supreme Court While Reserving Verdict",,2023-05-17 12:37:26,"['The court made these observations today while reserving judgement. \n\nIn not so distant past , politicians would resign for much milder observations from courts.', '[deleted]', 'given his background, he is probably enjoying that shit , \n\ngives him 15 seconds of fame while avoiding prosecution in the physical assault on Medha Patekar case']"
13i6s3m,My Rant about LG and their *own technicians*,"Just bought my AC today. And I had to file a complaint today only. And don't get me wrong, I hate to be that ""I would like to talk to your manager"" karen type of guy. But the situation was worse than I expected. I bought LG primarily because they are just supposed to provide the best service. With that, let's see what happened -

1. They don't have their own trained technicians with uniforms like you would expect. They also outsource local technicians.

&#x200B;

https://preview.redd.it/y8fc08vjlzza1.png?width=1322&format=png&auto=webp&s=e3ac0738da133daac3d37f9ac775a8ba5e6c12b9

2. They don't do clean installation. I don't know if this is a thing in big cities only, but in mine they certainly did a horrible job.

&#x200B;

https://preview.redd.it/ik3u1u3xlzza1.jpg?width=1200&format=pjpg&auto=webp&s=9fdc004e28764cdccfc0fcd570643df04dd2d998

https://preview.redd.it/nm1r9s3xlzza1.jpg?width=1600&format=pjpg&auto=webp&s=df4618a672966e3fa94d45a8e2c5cb2f532ed613

3. They are rude and try to gaslight you. Mine asked me for the satisfaction code company provides us, and when I confronted him by asking him to do the installation first, he said ""Do you consider us theives"". I still held back and gave them the code that time. Ironically, they ran away like thieves after doing the bare minimum. Didn't install my stabilizer and mcb after the confrontation. Take a look at the photos, do you expect me to turn on the AC with a hanging wire?

https://preview.redd.it/hw7yebiumzza1.jpg?width=1200&format=pjpg&auto=webp&s=bee9ec64c413e3f61a6b3b2b245199b8a97b653c

https://preview.redd.it/re571fiumzza1.jpg?width=1200&format=pjpg&auto=webp&s=bf819018b7a38a06aa84a8708499e7e262f3bf6d

Unfortunately, they messed with the wrong guy and I reported them to LG. LG did send a new technician right away who did a fantastic job, so I have to give LG credit for that. The new guy also installed stand for the AC.

https://preview.redd.it/s8t0joj8nzza1.jpg?width=1600&format=pjpg&auto=webp&s=8e0dc92f83222b7807da0f7ec7a9c4c86b9da8a7

All I want to say is no brand has exceptionally good service, everybody outsource their technicians and it's just a matter of luck what type of technician you get. But you can do two things, don't give them the satisfaction code unless your work is done no matter what. And report them to the company if you have any complaints.",2023-05-15 12:25:59,"['* Your post title should be an accurate summary of your text post. ""Help Needed"", ""Rant"", ""Unpopular Opinion"", are examples of poor titles. \n* /r/India is not a substitute for Google. Only post your query on /r/India after you have searched for an answer on the web.  \n* Self-posts also have to be specific to India. Don\'t copy/paste questions from /r/AskReddit. \n* For relationship queries, please also consider: https://www.reddit.com/r/RelationshipIndia/\n\n\n*I am a bot, and this action was performed automatically. Please [contact the moderators of this subreddit](/message/compose/?to=/r/india) if you have any questions or concerns.*']"
13dria9,"BREAKING| Supreme Court To Deliver Judgments In Shiv Sena Case, Delhi Govt vs LG Services Dispute Tomorrow [LiveLaw]",,2023-05-10 13:58:34,['Someone on Twitter commented they were waiting for karanataka voting to be over']
10fqc6e,President Droupadi Murmu delegates fresh powers to Delhi LG VK Saxena,,2023-01-19 02:46:51,"['She has achieved her target of servicing her benefactors!!', 'Giving more power to unelected members... Nice.', ""And people have the audacity to compare AAP to BJP.\n\nSure, Kejri and Co. Might not get everything right but at least they're fighting against odds."", ""Hehe, what else did one expect? Dismantling Ambedkar's constitution one step at a time.""]"
10f2cmr,Delhi Govt vs LG| Centre's Plea For Larger Bench Reference At Fag End Of Hearing Takes Supreme Court By Surprise,,2023-01-18 08:35:28,"['Because a previous ruling can only be overridden by a larger bench? More chanakya niti at play', 'nope. these are jiust delay tactic. tareekh pe tareekh ke baad when they realised they are going to lose the case, they want a bigger bench that they can, hopefully , influence.', '> ~~hopefully~~\n\nsurely']"
107x8xz,"LG For Threadbare Talks, CM Responds",,2023-01-10 01:57:20,[]
106nsvr,"LG appoints new Haj body in Delhi, AAP lashes out | Latest News Delhi",,2023-01-08 16:49:05,[]
